company,group_title,position,workplace,commitment,location,position_url
malbongolf,Corporate,Supply Chain Manager,On-site,Full-Time,"Santa Monica, CA",https://jobs.lever.co/malbongolf/6eddc314-1ff1-4c2f-a8b7-41c96929031c
Complex,Brand Partnerships,"Account Director, Brand Partnerships - CPG",On-site,Full-time,New York,https://jobs.lever.co/Complex/b150f1bf-6471-474c-b6fe-e1aae255b329
Complex,Brand Partnerships,"Account Director, Brand Partnerships - Entertainment",On-site,Full-time,Los Angeles,https://jobs.lever.co/Complex/28edc911-97b3-4f76-960a-2155a07edc49
Complex,Brand Partnerships,"Account Director, Brand Partnerships - Gaming",On-site,Full-time,Los Angeles,https://jobs.lever.co/Complex/f8d8ed49-a21a-42cb-a670-b8faa13a75b2
Complex,Brand Partnerships,"Account Director, Brand Partnerships - Latin",On-site,Full-time,New York,https://jobs.lever.co/Complex/1be433ae-4487-4c2b-ae8a-9eced8d2c2df
Complex,Brand Partnerships,"Account Director, Brand Partnerships - Technology",On-site,Full-time,Los Angeles,https://jobs.lever.co/Complex/6c2556a2-36fa-4a46-b8bd-88d487eae3ab
Complex,Brand Partnerships,"Account Director, Brand Partnerships - Technology",On-site,Full-time,San Francisco,https://jobs.lever.co/Complex/65824ae2-51a6-4559-ba69-0cb82e153eaa
Complex,Brand Partnerships,"Account Director, Brand Partnerships - Video",On-site,Full-time,New York,https://jobs.lever.co/Complex/e0e339f9-7834-4d99-8874-f9ad09f1ce49
Complex,Brand Partnerships,"Account Director, Brand Partnerships - Video",On-site,Full-time,Los Angeles,https://jobs.lever.co/Complex/f62dab15-7dd0-4190-a9b8-00a0b429dc83
Complex,Brand Partnerships,"Creative Project Manager, Strategy",On-site,Full-time,New York,https://jobs.lever.co/Complex/d40a759b-7522-4269-b54f-9a01495ab61f
Complex,Brand Partnerships,Presentation Designer- Freelance,On-site,Freelancer,New York,https://jobs.lever.co/Complex/d92bc984-24bb-42da-baf9-d5eaac5492cd
Complex,Brand Partnerships,Senior Graphic Designer (Digital and Experiential),On-site,,New York,https://jobs.lever.co/Complex/7ae5c824-b565-4ef4-aadc-221d21888456
Complex,Content,Line Producer,On-site,Full-time,New York,https://jobs.lever.co/Complex/f71ed433-5708-4163-88f7-b0e274c464e0
Complex,Content,Pop and Internet Culture Editor,On-site,Full-time,New York,https://jobs.lever.co/Complex/95a83d44-8ab7-402a-9039-ef2bac4b3f93
Complex,Content,Pop and Internet Culture Social Editor - Weekends,Remote,Freelancer,New York,https://jobs.lever.co/Complex/f00fc4d9-457b-4af1-8b20-aff9194e81cd
Complex,Content,Social Freelancer- Main,Remote,Freelancer,Remote,https://jobs.lever.co/Complex/480b2fcf-7cc3-4b7d-b813-0fea28661579
Complex,Content,"Social Freelancer, Complex Shop",Remote,Freelancer,New York,https://jobs.lever.co/Complex/c6643aa5-653a-4064-9df5-128116f22fb9
Complex,Content,"Social Freelancer, Music - Weekend Nights",Remote,Freelancer,New York,https://jobs.lever.co/Complex/5c7ff711-91b4-4a4d-9c07-619e65c6d135
Complex,Content,"Social Freelancer, Sneakers - Weekday Nights",Remote,Freelancer,New York,https://jobs.lever.co/Complex/7fb11dd2-e79e-4d1d-a76a-b5b85a89da45
Complex,Content,"Social Freelancer, Sports - Weekday Nights",Remote,Freelancer,New York,https://jobs.lever.co/Complex/095767e4-d016-4100-b75c-112ac911554d
Complex,Content,"Social Freelancer, Sports - Weekend Days",Remote,Freelancer,New York,https://jobs.lever.co/Complex/96120877-2bcc-406d-80d9-23f276c1abd9
Complex,Content,"Social Freelancer, Style - Weekday Nights",Remote,Freelancer,New York,https://jobs.lever.co/Complex/f6a21205-276d-4993-baf1-234c13d5b144
Complex,Content,"Social Freelancer, Style -Weekends",Remote,Freelancer,New York,https://jobs.lever.co/Complex/9a8cac14-9c52-4d5f-9532-0aea66805679
Complex,Content,Sports Content Creator,On-site,Full-time,New York,https://jobs.lever.co/Complex/7ba1697b-83e5-4728-8e87-070f378649fc
Complex,Content,Sports Editor,On-site,Full-time,New York,https://jobs.lever.co/Complex/d57ea9be-1f6a-4f18-8aef-42a9ae41e4bd
Complex,Creative Services,Junior Graphic Designer,Hybrid,Freelancer,Los Angeles,https://jobs.lever.co/Complex/e300161a-f39c-40dd-858e-087d21ef7a1a
Complex,Creative Services,Project Coordinator – Creative Operations,Hybrid,Freelancer,Los Angeles,https://jobs.lever.co/Complex/48d3c2fa-6b82-4286-a5f0-0457f05db116
Complex,Data,Audience Development Analyst,On-site,Full-time,New York,https://jobs.lever.co/Complex/02f1d484-b4df-4fa9-a2a4-0c3550a30bce
Complex,Design,Executive Creative Director,On-site,Full-time,New York,https://jobs.lever.co/Complex/5015679f-beb9-434d-82eb-5d54d0060cfd
Complex,Design,"Senior Designer, Core Brand",On-site,Full-time,New York,https://jobs.lever.co/Complex/99cd48be-5f2e-48b7-974e-05d29346eebf
Complex,Design,Senior Product Designer - New York,On-site,Full-time,New York,https://jobs.lever.co/Complex/b0e4f229-8fbb-4fd3-a8eb-12702400faba
Complex,Design,Visual Effects Supervisor,On-site,Full-time,New York,https://jobs.lever.co/Complex/dae949da-41ea-41a2-adf8-9260005c5547
Complex,Engineering,Senior DevOps Engineer,On-site,Full-time,New York,https://jobs.lever.co/Complex/1803bdb7-8865-465e-9409-5da04c78bf03
Complex,Engineering,Senior Frontend Engineer (React / TypeScript / Next.js),On-site,Full-time,New York,https://jobs.lever.co/Complex/bcf91272-1820-4071-86eb-9a5fd0dbe65f
Complex,Engineering,"Senior Fullstack Engineer (Node.js, Go, React, Remix)",On-site,Full-time,New York,https://jobs.lever.co/Complex/04c6065f-30b2-4dce-bbab-fb89bc503bab
Complex,Engineering,Senior Software Engineer – iOS (Swift),Remote,Full-time,Remote,https://jobs.lever.co/Complex/178677ff-9403-470f-8e00-ba6fa6db343f
Complex,Events,Event Project Manager,Hybrid,Freelancer,Los Angeles,https://jobs.lever.co/Complex/cf90a8a3-ad8b-41a0-ab36-a4e530b4763d
Complex,Executive,Executive Assistant,On-site,Full-time,Los Angeles,https://jobs.lever.co/Complex/9d50eca5-4e22-4584-9fa7-7cfe736538e2
Complex,Finance,Director of Finance,On-site,Full-time,Los Angeles,https://jobs.lever.co/Complex/fc72656d-0ec9-4bfe-bd03-2a2106c62cc9
Complex,Finance,Senior Financial Analyst,On-site,Full-time,Los Angeles,https://jobs.lever.co/Complex/b9eab8ad-4fa0-4439-9abf-835e4de9ff5f
Complex,Merchandising,"Senior Vice President, Merchandising",On-site,Full-time,Los Angeles,https://jobs.lever.co/Complex/2dd945fb-1d7e-4265-b0e3-254579b17c71
Complex,Merchandising,Site Merchandiser,On-site,Full-time,Los Angeles,https://jobs.lever.co/Complex/c045feef-3651-4c9f-9898-948ddfe85fb2
Complex,Merchandising,"Strategic Senior Project Manager, Merchandising",On-site,Full-time,Los Angeles,https://jobs.lever.co/Complex/0718a5e5-7f2a-443f-846d-a81ed5034a4f
Complex,Operations,eCommerce Operations Lead,On-site,Full-time,Los Angeles,https://jobs.lever.co/Complex/4a30ddca-042f-4ecb-9511-916ea3456e4e
Complex,Operations,Sellers Operations Associate,On-site,Full-time,Los Angeles,https://jobs.lever.co/Complex/028d1ec5-6747-4248-a3f0-e6795ddb8509
Complex,Product,Senior Product Manager - Shopping Experience,On-site,Full-time,Los Angeles,https://jobs.lever.co/Complex/39cb563a-d80d-42c5-8ed7-123bf9df0416
Complex,Talent,Talent Relations Intern- COLLEGE CREDIT ONLY,On-site,Intern,Los Angeles,https://jobs.lever.co/Complex/9482847a-1957-44ac-af3a-77d738ab5f33
Complex,TITOL™,"TITOL™ Manager, E-Commerce",On-site,Full-time,Los Angeles,https://jobs.lever.co/Complex/f024d7a5-404f-48d9-9766-034fbee1720f
Complex,TITOL™,"TITOL™ Manager, Production + Development",On-site,Full-time,Los Angeles,https://jobs.lever.co/Complex/919f8f97-bc41-4f61-852d-342bcaf4fc76
arcteryx.com,Brand Communications,"Director, Global Brand Communications - Temporary",Hybrid,FT Temp/Seasonal,"North Vancouver, BC (Corporate)",https://jobs.lever.co/arcteryx.com/46977112-2dc3-4d87-8bd9-c8e3fa97c032
arcteryx.com,Brand Operations,"Project Manager, Brand Operations – Retail - Temporary",Hybrid,FT Temp/Seasonal,"North Vancouver, BC (Corporate)",https://jobs.lever.co/arcteryx.com/e9bdab5a-d68f-4903-ad60-c2d4d8b687b0
arcteryx.com,EMEA Marketing,"Trade Marketing Specialist – Key Accounts, EMEA (m/w/d) - Fixed Term 1 year",Hybrid,FT Temp/Seasonal,"Garching, Munich",https://jobs.lever.co/arcteryx.com/2480c40c-7ab3-49e7-9e2c-cd18e84054b2
arcteryx.com,EMEA - Commercial,Area Sales Manager – East Spain (m/w/d),Remote,Full-time,Barcelona,https://jobs.lever.co/arcteryx.com/d169306a-3417-4d90-84f9-9cfb024e2b2f
arcteryx.com,Guest Services,Bilingual Guest Services Representative - Seasonal,Hybrid,FT Temp/Seasonal,"North Vancouver, BC (Corporate)",https://jobs.lever.co/arcteryx.com/a881669a-9ff0-41a2-8fcb-0caa6bedade9
arcteryx.com,Guest Services,Guest Services Representative - Seasonal,Hybrid,FT Temp/Seasonal,"North Vancouver, BC (Corporate)",https://jobs.lever.co/arcteryx.com/567ee3d9-c96d-4ed4-8571-d639de879d71
arcteryx.com,North America Wholesale,"Territory Manager, US Southwest",Remote,Full-time,Remote USA,https://jobs.lever.co/arcteryx.com/70dfe9d0-9fa4-42bd-bff2-3311d357e594
arcteryx.com,Retail Training,Regional Training Manager - California,Remote,Full-time,Remote USA,https://jobs.lever.co/arcteryx.com/adf43b22-9b94-40ec-9bcf-579477d7b477
arcteryx.com,Store Development,Project Manager – Retail Operations & Initiatives EMEA (m/w/d),Hybrid,Full-time,"London, England",https://jobs.lever.co/arcteryx.com/2c7fe2f9-9cc0-4ae7-b2c7-d610b8591e2f
arcteryx.com,Advanced Concepts,"Senior Director, Design - Advanced Concept",Hybrid,Full-time,"North Vancouver, BC (Corporate)",https://jobs.lever.co/arcteryx.com/3022c75c-5e33-4d15-b036-1b3c6a10e40f
arcteryx.com,Design,Senior Designer – Packs and Bags,On-site,Full-time,"North Vancouver, BC (Corporate)",https://jobs.lever.co/arcteryx.com/9d4f030a-f312-4cef-bcfb-8bcaab73c9b3
arcteryx.com,Design,Senior Designer – Women’s Hike Temporary (1 Year Contract),Hybrid,FT Temp/Seasonal,"North Vancouver, BC (Corporate)",https://jobs.lever.co/arcteryx.com/129fa593-30de-4748-9dd7-50e86a6f0f0d
arcteryx.com,Finance Transformation & Optimization,"Business Process Analyst, Finance",Hybrid,Full-time,"North Vancouver, BC (Corporate)",https://jobs.lever.co/arcteryx.com/f258a86d-838c-45b3-bd20-644601ea4a0f
arcteryx.com,ARC'One Manufacturing,"Director, Manufacturing",On-site,Full-time,"New Westminster, BC",https://jobs.lever.co/arcteryx.com/79a7d43c-d60a-4b98-9f8c-c80dc4ecfd30
arcteryx.com,ARC'One Manufacturing,"Manager, Continuous Improvement (18 Month Contract)",On-site,FT Temp/Seasonal,"New Westminster, BC",https://jobs.lever.co/arcteryx.com/f251ff53-5e17-4e22-b7a5-bf0409943a48
arcteryx.com,Production,Industrial Sewing Machine Operator,On-site,Full-time,"New Westminster, BC",https://jobs.lever.co/arcteryx.com/6b0cc471-398c-4e7d-bc42-d47ae71e197f
arcteryx.com,Production,Press Machine Operator,On-site,Full-time,"New Westminster, BC",https://jobs.lever.co/arcteryx.com/51d87bab-8410-4b73-b207-1dcb569d4781
arcteryx.com,ReBird,ReBird Operator- Repair,On-site,Full-time,"New Westminster, BC",https://jobs.lever.co/arcteryx.com/5f1b6431-53df-4efc-b7ab-f0619fdefd8d
arcteryx.com,ReBird,Repair Quality Team Leader,On-site,Full-time,"New Westminster, BC",https://jobs.lever.co/arcteryx.com/81371dab-0bb5-4c0d-9ee6-cf058a57445f
arcteryx.com,Merchandising,Allocations Analyst,Hybrid,Full-time,"North Vancouver, BC (Corporate)",https://jobs.lever.co/arcteryx.com/cc629d28-5849-4790-9c00-be968fa1c910
arcteryx.com,Visual Merchandising,"Director, Visual Merchandising",Hybrid,Full-time,"North Vancouver, BC (Corporate)",https://jobs.lever.co/arcteryx.com/ae1b4f82-4b9f-4469-a503-273bcf30bbf8
arcteryx.com,Visual Merchandising,Regional Visual Merchandiser - US West,Remote,Full-time,Remote USA,https://jobs.lever.co/arcteryx.com/a4b4c080-08d4-489a-b26d-3b848e387cd6
arcteryx.com,Business Partnership,"People & Culture Business Partner, Retail Canada - Temporary",Remote,FT Temp/Seasonal,Remote CA,https://jobs.lever.co/arcteryx.com/378613c3-1062-40b4-bd79-fe6f02e651f2
arcteryx.com,Business Partnership,"Senior Manager, People & Culture Business Partner – Technology",Hybrid,Full-time,"North Vancouver, BC (Corporate)",https://jobs.lever.co/arcteryx.com/caa7374b-1682-42ac-974a-1042c8e7fa97
arcteryx.com,Enablement and Experience,Employee Experience Events Manager,Hybrid,Full-time,"North Vancouver, BC (Corporate)",https://jobs.lever.co/arcteryx.com/6bc3dabc-cb00-4c97-8e2c-0fc9d059acb9
arcteryx.com,Facilities & Workplace Experience,"Senior Manager, Facilities Design & Construction Projects",Hybrid,Full-time,"North Vancouver, BC (Corporate)",https://jobs.lever.co/arcteryx.com/ac4e5ef6-e486-4022-bb22-99b24669d7d5
arcteryx.com,Talent Acquisition,Recruiter,Hybrid,Full-time,Tokyo,https://jobs.lever.co/arcteryx.com/8467c789-4509-4e17-ac8b-6cf4cd5153ec
arcteryx.com,Talent Management and People Strategy,"Director, Global Talent Management",Hybrid,Full-time,"North Vancouver, BC (Corporate)",https://jobs.lever.co/arcteryx.com/b0c8fbde-b911-4434-a1fd-489be96cabf3
arcteryx.com,Total Rewards & People Operations,"Senior Manager, Compensation Programs",Hybrid,Full-time,"North Vancouver, BC (Corporate)",https://jobs.lever.co/arcteryx.com/8bb92828-4879-4e8c-a82c-8650f34d19de
arcteryx.com,Arc'teryx 5th Ave Alpha Store,"Store Manager | Rockefeller Center | New York, NY",On-site,Full-time,"New York, NY",https://jobs.lever.co/arcteryx.com/3255a887-161a-48f3-95fa-4346f5513e63
arcteryx.com,Arc'teryx Aspen Brand Store,Lead - Full Time,On-site,Full-time,Aspen,https://jobs.lever.co/arcteryx.com/8097ac15-adba-4791-a04d-077670abffbb
arcteryx.com,Arc'teryx Aspen Brand Store,Product Guide,On-site,Part-time,Aspen,https://jobs.lever.co/arcteryx.com/4888db52-ea22-4138-a9a0-8968fadab053
arcteryx.com,Arc'teryx Banff Brand Store,Product Guide - Seasonal,On-site,PT Temp/Seasonal,"Banff, AB",https://jobs.lever.co/arcteryx.com/2fc862f2-989b-44c9-ba6d-43179e945ec2
arcteryx.com,Arc'teryx Bicester Village Outlet,Assistant Store Manager – Bicester Village (m/w/d),On-site,Full-time,Bicester,https://jobs.lever.co/arcteryx.com/fc2172ac-515f-419f-a95e-77da5d0aceba
arcteryx.com,Arc'teryx Bicester Village Outlet,Store Manager - Bicester Village (m/w/d),On-site,Full-time,Bicester,https://jobs.lever.co/arcteryx.com/8e9b6510-4fbd-4089-b20e-e1ba13c73947
arcteryx.com,Arc'teryx Bondi Junction Brand Store,Product Guide (Retail Sales Associate)- Full Time,On-site,Full-time,"Sydney, NSW",https://jobs.lever.co/arcteryx.com/afe3a6f4-8518-4558-90ff-ff1c144dbb43
arcteryx.com,Arc'teryx Boulder Brand Store,"Assistant Store Manager | Boulder Brand Store | Boulder, CO",On-site,Full-time,"Boulder, CO",https://jobs.lever.co/arcteryx.com/4269a162-8d5b-486d-8dab-b6fd27773a43
arcteryx.com,Arc'teryx Broadway Concept Store,Cafe Barista,On-site,Part-time,"New York, NY",https://jobs.lever.co/arcteryx.com/b6419308-3278-4a42-8c4e-948c9d027732
arcteryx.com,Arc'teryx Broadway Concept Store,Cafe Lead,On-site,Full-time,"New York, NY",https://jobs.lever.co/arcteryx.com/280bd75e-f0f9-43ed-8b06-06c37f51eb8d
arcteryx.com,Arc'teryx Broadway Concept Store,Lead - Full Time,On-site,Full-time,"New York, NY",https://jobs.lever.co/arcteryx.com/b50199ff-b10e-42f6-b3eb-9fe139f44ed8
arcteryx.com,Arc'teryx Brookfield Brand Store,"Store Manager | Brookfield Brand Store | New York, NY",On-site,Full-time,"New York, NY",https://jobs.lever.co/arcteryx.com/a5d0045f-c015-4ec9-ab17-97966a6ec282
arcteryx.com,Arc'teryx Burrard Brand Store,Product Guide - Seasonal,On-site,PT Temp/Seasonal,"Vancouver, BC",https://jobs.lever.co/arcteryx.com/0b247f11-47ff-4fdc-828c-14871ab653a2
arcteryx.com,Arc'teryx Chamonix Brand Store,Vendeur - Chamonix I CDI 35H (H/F),On-site,Full-time,"Chamonix-Mont-Blanc, France",https://jobs.lever.co/arcteryx.com/b0ad371a-211a-4c16-ae57-c40afb116f5d
arcteryx.com,Arc'teryx Chestnut Hill Brand Store,Product Guide,On-site,Part-time,"Boston, MA",https://jobs.lever.co/arcteryx.com/4fb1ed42-0013-4ec3-9bd5-e35430d5ac07
arcteryx.com,Arc'teryx Georgetown Brand Store,Lead - Part Time,On-site,Part-time,"Georgetown, DC",https://jobs.lever.co/arcteryx.com/8dfc8a7c-76aa-43d1-9ba8-819756c163c5
arcteryx.com,Arc'teryx Kelowna Brand Store,Lead,On-site,Full-time,"Kelowna, BC",https://jobs.lever.co/arcteryx.com/41b73493-0279-42df-a215-627974be4d21
arcteryx.com,Arc'teryx Kelowna Brand Store,Product Guide,On-site,Part-time,"Kelowna, BC",https://jobs.lever.co/arcteryx.com/5898963c-34f5-45e1-ae77-6977605bff11
arcteryx.com,Arc'teryx La Madeleine Brand Store,Vendeur - La Madeleine - 35H (h/f),On-site,Full-time,"Paris, France",https://jobs.lever.co/arcteryx.com/4fd1f76c-0eb2-4acb-983d-6cb9ab636d0e
arcteryx.com,Arc'teryx Landquart Outlet,Product Guide – Verkäufer/in – Teilzeit - 8H / week,On-site,Part-time,"Landquart, Switzerland",https://jobs.lever.co/arcteryx.com/9f20d8e5-3110-4c09-8886-b5a1164dabe9
arcteryx.com,Arc'teryx Laval Brand Store,Chef·fe d’équipe | Lead,On-site,Full-time,"Laval, QC",https://jobs.lever.co/arcteryx.com/deec63a4-8f53-49c4-b7b4-2b345cf47cdc
arcteryx.com,Arc'teryx Livermore Outlet,Product Guide,On-site,Part-time,"Livermore, CA",https://jobs.lever.co/arcteryx.com/b1373151-9488-489e-bae9-809b376bf517
arcteryx.com,Arc'teryx Mall of America Brand Store,"Assistant Store Manager | Mall of America | Bloomington, MN",On-site,Full-time,"Bloomington, MN",https://jobs.lever.co/arcteryx.com/03f865b7-0006-45ce-b11d-39f84e9c9e50
arcteryx.com,Arc'teryx Mapleview Brand Store,"Assistant Store Manager | Burlington | Burlington, ON",On-site,Full-time,"Burlington, ON",https://jobs.lever.co/arcteryx.com/1e23a564-e0d3-4826-bec7-5c70c5cc7610
arcteryx.com,Arc'teryx Market Street Brand Store,Lead - Part Time,On-site,Part-time,"Lynnfield, MA",https://jobs.lever.co/arcteryx.com/66b1a43e-f5b2-4d0a-a860-5c6ec5eb799e
arcteryx.com,Arc'teryx Montgomery Mall Brand Store,"Assistant Store Manager | Montgomery Mall | Bethesda, MD",On-site,Full-time,"Bethesda, MD",https://jobs.lever.co/arcteryx.com/e32a6038-6992-47c9-8dc5-30a3b9612f63
arcteryx.com,Arc'teryx Munich Brand Store,Assistant Store Manager - Munich (m/w/d),On-site,Full-time,Munich,https://jobs.lever.co/arcteryx.com/4ddaa130-bbea-4480-b723-138fb952f692
arcteryx.com,Arc'teryx Old Orchard Brand Store,Product Guide,On-site,Part-time,"Skokie, IL",https://jobs.lever.co/arcteryx.com/82e8d57a-4c26-4261-adac-37cde9fa30d5
arcteryx.com,Arc'teryx Park City Brand Store,"Assistant Store Manager | Park City Brand Store | Park City, UT",On-site,Full-time,"Park City, UT",https://jobs.lever.co/arcteryx.com/98d8bb18-4814-453d-b224-31ecb54a064f
arcteryx.com,Arc'teryx Park City Brand Store,"Store Manager | Park City Brand Store | Park City, UT",On-site,Full-time,"Park City, UT",https://jobs.lever.co/arcteryx.com/dce37431-437e-4c15-8392-4c591f0fbd4f
arcteryx.com,Arc'teryx Piccadilly Brand Store,"Assistant Store Manager - Piccadilly, London (m/w/d)",On-site,Full-time,"London, England",https://jobs.lever.co/arcteryx.com/fc9ba15d-d374-4f89-b482-8c491b5a0a28
arcteryx.com,Arc'teryx Piccadilly Brand Store,Lead (Retail Supervisor) - Full-time,On-site,Full-time,"London, England",https://jobs.lever.co/arcteryx.com/0b870d69-8a90-4019-88a7-bea59ef4568f
arcteryx.com,Arc'teryx Piccadilly Brand Store,Product Guide - Full-time,On-site,Full-time,"London, England",https://jobs.lever.co/arcteryx.com/7a3ad03b-325b-4dbc-9173-c83e0379950d
arcteryx.com,Arc'teryx Piccadilly Brand Store,Product Guide - Part-time,On-site,Part-time,"London, England",https://jobs.lever.co/arcteryx.com/d5c20ec6-9a8c-4489-bd47-ccdd3fd6a02f
arcteryx.com,Arc'teryx Portland Brand Store,Lead - Part Time,On-site,Part-time,"Portland, OR",https://jobs.lever.co/arcteryx.com/956cce99-3313-4d61-b9c0-20ddebfce5a1
arcteryx.com,Arc'teryx Rideau Brand Store,Product Guide,On-site,Part-time,"Ottawa, ON",https://jobs.lever.co/arcteryx.com/608c8601-495d-455c-a607-efa4622a7439
arcteryx.com,Arc'teryx Rush Street Brand Store,Lead - Full Time,On-site,Full-time,"Chicago, IL",https://jobs.lever.co/arcteryx.com/c31b0b95-e575-4233-a5f9-c1d7e5eec96b
arcteryx.com,Arc'teryx Seattle Brand Store,Lead - Full Time,On-site,Full-time,"Seattle, WA",https://jobs.lever.co/arcteryx.com/aa9296e8-4c36-4fd2-a3f4-879cf70aec38
arcteryx.com,Arc'teryx Seattle Brand Store,Product Guide,On-site,Part-time,"Seattle, WA",https://jobs.lever.co/arcteryx.com/dc26f63e-9e59-4022-a688-e554b4f48077
arcteryx.com,Arc'teryx Square One Brand Store,Lead - Full Time,On-site,Full-time,"Mississauga, ON",https://jobs.lever.co/arcteryx.com/5d60edf3-4d91-4622-974d-8814bf797146
arcteryx.com,Arc'teryx Square One Brand Store,Lead - Part-Time,On-site,Part-time,"Mississauga, ON",https://jobs.lever.co/arcteryx.com/ba3b630e-3f96-4096-95f0-45ee075ebcfa
arcteryx.com,Arc'teryx Tulalip Outlet,Lead - Part Time,On-site,Part-time,"Tulalip, WA",https://jobs.lever.co/arcteryx.com/7144fc07-53bf-4dba-89a2-71eafeaf4e21
arcteryx.com,Arc'teryx Tulalip Outlet,Product Guide,On-site,Part-time,"Tulalip, WA",https://jobs.lever.co/arcteryx.com/c1723134-3dde-4e99-9cf4-09a0506721fe
arcteryx.com,Arc'teryx Washington DC Brand Store,Lead - Part Time,On-site,Part-time,Washington D.C.,https://jobs.lever.co/arcteryx.com/34d8d521-504f-4990-be7d-7954a336ddad
arcteryx.com,Arc'teryx Woodbury Outlet,Product Guide,On-site,Part-time,"Central Valley, NY",https://jobs.lever.co/arcteryx.com/e3310c59-170a-408d-bea1-568b7af277c0
arcteryx.com,London Epicenter,Store Manager,On-site,Full-time,"London, England",https://jobs.lever.co/arcteryx.com/91e00a13-3864-4868-86a9-563dabcbf02a
arcteryx.com,Global Supply,"Senior Vice President, Global Supply",Hybrid,Full-time,"North Vancouver, BC (Corporate)",https://jobs.lever.co/arcteryx.com/871610ba-f140-47e3-8bf6-73302e801d1f
arcteryx.com,Merchandise Planning & Allocations,Merchandise Planner - Sportswear,On-site,Full-time,"North Vancouver, BC (Corporate)",https://jobs.lever.co/arcteryx.com/cbc1a7ff-7a61-42d5-9703-428b74bd5f27
arcteryx.com,Merchandise Planning & Allocations,Systems & Process Specialist – Merchandise Planning,Hybrid,Full-time,"North Vancouver, BC (Corporate)",https://jobs.lever.co/arcteryx.com/bff4934c-c48f-4cbe-b15d-2c7807feebf9
arcteryx.com,Product Creation Development,Colourist 1,On-site,Full-time,"North Vancouver, BC (Corporate)",https://jobs.lever.co/arcteryx.com/20c827d7-351b-40ca-bf36-a93f4469f0ae
arcteryx.com,Product Creation Development,Commercialization Specialist,On-site,Full-time,Hong Kong,https://jobs.lever.co/arcteryx.com/9aa896a5-49f0-4a38-b8b5-0009eb4940be
arcteryx.com,Product Creation Development,Fit & Pattern Specialist,On-site,Full-time,"North Vancouver, BC (Corporate)",https://jobs.lever.co/arcteryx.com/3f7b927f-b0a1-4e6b-a0b6-d8e17c908130
arcteryx.com,Product Creation Development,"Manager, Commercialization",On-site,Full-time,Hong Kong,https://jobs.lever.co/arcteryx.com/5907ca91-8960-4ecc-9039-121bf53840d0
arcteryx.com,Product Creation Development,Pattern Maker,On-site,,"Vancouver, BC",https://jobs.lever.co/arcteryx.com/64351a3d-f08e-4f4e-8ebc-c713b4784c26
arcteryx.com,Product Creation Development,Pattern Maker / Developer 2,On-site,Full-time,"North Vancouver, BC (Corporate)",https://jobs.lever.co/arcteryx.com/a0fc9542-cb51-4402-b765-794096f253d7
arcteryx.com,Product Creation Development,Product Developer 2,Hybrid,Full-time,"North Vancouver, BC (Corporate)",https://jobs.lever.co/arcteryx.com/0204ccda-d1b9-420b-bd09-71ea83dcadce
arcteryx.com,Product Creation Development,Product Developer 2 – Temporary,Hybrid,FT Temp/Seasonal,"North Vancouver, BC (Corporate)",https://jobs.lever.co/arcteryx.com/f9b39976-8427-44bb-b520-770378a74d2b
arcteryx.com,Product Creation Development,Sample Maker 1 - Temporary,On-site,FT Temp/Seasonal,"North Vancouver, BC (Corporate)",https://jobs.lever.co/arcteryx.com/da3a4916-bedb-43b8-8361-7e9c48015a4f
arcteryx.com,Product Creation Development,Sample Maker 2,On-site,Full-time,"North Vancouver, BC (Corporate)",https://jobs.lever.co/arcteryx.com/1d5c0ebb-0751-47be-a45e-585fc32c801e
arcteryx.com,Product Creation Development,Senior Product Developer,On-site,Full-time,"North Vancouver, BC (Corporate)",https://jobs.lever.co/arcteryx.com/32577f56-f2cb-44dd-a984-566fdd7fc89b
arcteryx.com,Quality Control,"Senior Manager, Quality - HK Sourcing Office",On-site,Full-time,Hong Kong,https://jobs.lever.co/arcteryx.com/9eaaa28a-4ecc-40af-bfec-a223f1765215
arcteryx.com,Raw Materials,Materials Developer 2 - Trims,Hybrid,Full-time,"North Vancouver, BC (Corporate)",https://jobs.lever.co/arcteryx.com/fdce2b63-0428-488c-8b29-68daf7416c03
arcteryx.com,Raw Materials,Raw Materials Data Analyst - Temporary,Hybrid,FT Temp/Seasonal,"North Vancouver, BC (Corporate)",https://jobs.lever.co/arcteryx.com/623fecf7-3a8a-4a40-92a0-b39b57aa1bab
arcteryx.com,Raw Materials,Raw Materials General Assistant,On-site,Full-time,"New Westminster, BC",https://jobs.lever.co/arcteryx.com/a01478da-f12c-4cfd-9449-d0c427221c82
arcteryx.com,Raw Materials,Senior Materials Developer - Toolbox,Hybrid,Full-time,"North Vancouver, BC (Corporate)",https://jobs.lever.co/arcteryx.com/2183c82b-9142-4f1a-8c23-e4ac190aefb5
arcteryx.com,Raw Materials,"Senior Materials Developer, Circularity",Hybrid,Full-time,"North Vancouver, BC (Corporate)",https://jobs.lever.co/arcteryx.com/67715a24-ea29-4c86-8ef9-d9f795ce57d3
arcteryx.com,Raw Materials,"Senior Raw Materials Developer, Veilance",Hybrid,Full-time,"North Vancouver, BC (Corporate)",https://jobs.lever.co/arcteryx.com/7828f812-bc7e-4cb1-9434-a7327342e17c
arcteryx.com,Sourcing,"Manager, Sourcing - Sustainability",Hybrid,Full-time,"North Vancouver, BC (Corporate)",https://jobs.lever.co/arcteryx.com/74d84ad2-1cec-4d8d-b82f-5851be20e52d
arcteryx.com,Sourcing,"Senior Manager, Sourcing Business Process",Hybrid,Full-time,"North Vancouver, BC (Corporate)",https://jobs.lever.co/arcteryx.com/38d4cb07-a86a-4e71-a3d2-dee903dbd0f7
arcteryx.com,Commerce & Brand,Senior Software Engineer,Hybrid,Full-time,"North Vancouver, BC (Corporate)",https://jobs.lever.co/arcteryx.com/11ed3466-f82f-4385-83b4-f41585b73fd1
arcteryx.com,Engineering Excellence & Technology,Senior Enterprise Architect,Remote,Full-time,"North Vancouver, BC (Corporate)",https://jobs.lever.co/arcteryx.com/dbea33b7-87b5-4758-9d85-167c9b28169b
arcteryx.com,ERP & Corporate Systems,"Business Systems Analyst, Retail Technology",Hybrid,Full-time,"North Vancouver, BC (Corporate)",https://jobs.lever.co/arcteryx.com/a128b9a4-fad4-4521-9d12-7715664c25af
arcteryx.com,ERP & Corporate Systems,"Manager, Training and Change – Supply Chain",Hybrid,Full-time,"North Vancouver, BC (Corporate)",https://jobs.lever.co/arcteryx.com/7040aa14-a8e7-42c2-a87d-672bbc81686e
arcteryx.com,ERP & Corporate Systems,"Project Manager, Supply Chain Planning",Hybrid,Full-time,"North Vancouver, BC (Corporate)",https://jobs.lever.co/arcteryx.com/f85f684e-b0f0-4bfb-b1a8-9dab1bbc2a36
aventon,Sr. Video Producer,Sr. Video Producer,On-site,Full-Time,"Brea, California",https://jobs.lever.co/aventon/b400ac67-655d-48e6-b174-3c7210441eea
aventon,Fraud Prevention,Fraud Preventative Specialist,On-site,Full-Time,"Brea, California",https://jobs.lever.co/aventon/e5e56cb3-f3bc-4611-9f60-fb7dabbb84d8
aventon,People/HR,Human Resource Assistant,On-site,Full-Time,"Brea, California",https://jobs.lever.co/aventon/59b22510-1f55-492c-abc4-f49092ac70e3
aventon,Warehouse,Inventory Control Supervisor,On-site,Full-Time,"Ontario, California",https://jobs.lever.co/aventon/c3f32863-bebd-4fee-b3d1-dc03dd22bdb1
aventon,Warehouse,Inventory Specialist,On-site,Full-Time,"Ontario, California",https://jobs.lever.co/aventon/b5b84b8c-cbb4-4942-94fe-2d9a0b2fe945
aventon,Growth,Sales Support Representative,On-site,Full-Time,"Brea, California",https://jobs.lever.co/aventon/52c76978-5b8a-452c-8f01-0a712aaff4be
aventon,B2B Sales,Business Development Representative,On-site,Full-Time,"Brea, California",https://jobs.lever.co/aventon/ae22ead4-f81c-4233-89a2-3b72b87acf98
aventon,B2B Sales,Field Sales Representative,Remote,Full-Time,United States,https://jobs.lever.co/aventon/d21596fa-fe90-41a0-ab1e-c380d6061ad0
brooksrunning,Apparel Operations,"Apparel Project Manager, Temporary",Hybrid,Temporary,"US, Washington, Seattle",https://jobs.lever.co/brooksrunning/1523d441-2aeb-4384-8d58-efcff052ba76
brooksrunning,Finance,"Finance Director, APAC",Hybrid,Full Time,"China, Shanghai",https://jobs.lever.co/brooksrunning/bf366b0e-cd3a-4465-81b0-86b5fb1ad13c
brooksrunning,Footwear Business,"Senior Manager, Footwear Business",Hybrid,Full Time,"US, Washington, Seattle",https://jobs.lever.co/brooksrunning/fbe7346b-87ae-4288-b078-161f8e0e435a
brooksrunning,Footwear Design,"Director, Footwear Design",Hybrid,Full Time,"US, Washington, Seattle",https://jobs.lever.co/brooksrunning/20eb5fe3-9b27-4b4e-a96d-c16896803804
brooksrunning,Footwear Design,"Senior Designer, Color, Material Finishes (CMF) Design - Footwear",Hybrid,Full Time,"US, Washington, Seattle",https://jobs.lever.co/brooksrunning/4792ecb8-6a48-474b-bea1-9e5f4d9a6819
brooksrunning,Footwear Merchandising,"Lifestyle Category Manager, EMEA",Hybrid,,"Netherlands, Amsterdam",https://jobs.lever.co/brooksrunning/3f58a47e-720d-4ab9-aa30-557793004a38
brooksrunning,Footwear Product Development,Footwear Developer I,Hybrid,Full Time,"US, Washington, Seattle",https://jobs.lever.co/brooksrunning/347bc5b9-3f96-41e7-8d8b-fcde5dc2a292
brooksrunning,Footwear Research & Development,"Senior Material Developer, Footwear",Hybrid,Full Time,"US, Washington, Seattle",https://jobs.lever.co/brooksrunning/c4480e68-63d5-4c18-bae6-6666a4b5d64b
brooksrunning,Human Resources,"Manager, Workday System",Hybrid,Full Time,"US, Washington, Seattle",https://jobs.lever.co/brooksrunning/299d21cc-37f6-445b-b0ee-373ea4df4df7
brooksrunning,Digital Products,Senior Release Train Engineer,Hybrid,Full Time,"US, Washington, Seattle",https://jobs.lever.co/brooksrunning/e214d593-c508-4d3f-9dc0-67e20869a256
brooksrunning,Information Technology,IT Infrastructure and Operations Technician EMEA (6 months contract),Hybrid,,"Netherlands, Amsterdam",https://jobs.lever.co/brooksrunning/83f0c940-8df7-4f59-b18f-e8814990d224
brooksrunning,Bothell Outlet Store,Outlet Store Manager,On-site,Full Time,"US, Washington, Bothell",https://jobs.lever.co/brooksrunning/ba253767-906a-458f-90b1-ac6aa4944642
brooksrunning,Bothell Outlet Store,Retail Sales Associate - Bothell Outlet Store,On-site,Part Time,"US, Washington, Bothell",https://jobs.lever.co/brooksrunning/e4edc76a-8476-4285-9187-74253e8775cf
brooksrunning,eCommerce,eCommerce Operations Intern,Hybrid,,"Netherlands, Amsterdam",https://jobs.lever.co/brooksrunning/67bba486-e3ec-4865-863f-a8d498ed2cd4
brooksrunning,Trailhead Retail Store,Retail Sales Associate I,On-site,Part Time,"US, Washington, Seattle",https://jobs.lever.co/brooksrunning/236958da-b8b7-4f98-985c-4a0e928728f8
brooksrunning,Customer Service,B2C Runner Experience Representative EMEA,Hybrid,,"Netherlands, Amsterdam",https://jobs.lever.co/brooksrunning/07509ef1-5893-42a5-9e13-33c2aa59d7a0
brooksrunning,Customer Service,Customer Service Manager UK & IE,Hybrid,,"UK, Birmingham",https://jobs.lever.co/brooksrunning/b6b83e2a-f8c6-47e8-a6a8-f021ff1041cc
brooksrunning,Customer Service,"Supervisor, Rex EMEA",Hybrid,,"Netherlands, Amsterdam",https://jobs.lever.co/brooksrunning/ee9202e4-d3db-4508-8db9-af8c33157d29
brooksrunning,National Account Sales,Tech Rep National Key Accounts UK,Remote,,"UK, Birmingham",https://jobs.lever.co/brooksrunning/509d61e7-0848-4b48-8a95-abe3d7fae679
brooksrunning,National Account Sales,Tech Rep Northwest France,Hybrid,,"France, Les Milles",https://jobs.lever.co/brooksrunning/82cbc24d-4277-4ed3-99e6-fa8c2750eb6a
brooksrunning,National Account Sales,Technical Representative – Belgium & Luxembourg,Remote,,Belgium,https://jobs.lever.co/brooksrunning/5ce72ac5-a9e7-4817-9312-a4d11a6f8683
brooksrunning,Distribution,Distribution Center (DC) Waving Planner - 12:00pm - 8:30pm,On-site,Full Time,"US, Indiana, Whitestown",https://jobs.lever.co/brooksrunning/20de34d8-52aa-4733-8afd-ffd8c2851f72
brooksrunning,Supply Chain,Demand Planning Intern EMEA,Hybrid,,"Netherlands, Amsterdam",https://jobs.lever.co/brooksrunning/6dbaf369-48ab-4e6b-b350-bffc97ed7e9b
